id,mean_price
0,14.294170506607184
1,13.747108047371661
2,17.15424916781958
3,12.621372287178612
4,8.79030642153301
5,9.37657448341483
6,13.743793278643887
7,15.726682965454483
8,16.750256700052063
9,22.254644126467163
10,13.899551654933639
11,13.476954841222996
12,14.941430805579843
13,17.609665717588875
14,16.738350893828105
15,20.815359552550245
16,14.310879004732806
17,9.793513786799819
18,16.20281669746458
19,18.91195276400751
20,8.926752918909308
21,11.699567225341186
22,3.6970419804866452
23,17.92864469412053
24,11.622213376324451
25,15.629088591645958
26,11.840592610118387
27,15.362563004239103
28,12.447777154782283
29,15.553207391945955
30,16.377445715601908
31,18.702056696446615
32,15.998263123907046
33,19.148821490828276
34,15.388995955897585
35,10.731902911103427
36,20.132391193651454
37,22.34372069547325
38,11.300211877665449
39,14.79453851469545
40,11.935798259643336
41,13.084919348172436
42,13.881887274280432
43,18.621720106974244
44,11.470000736746508
45,13.443572626853928
46,14.487388612270973
47,15.68129247050119
48,12.28176613743622
49,16.22997541688808
50,13.536664585985394
51,20.389503349833163
52,13.87823282154026
53,14.064114964642496
54,25.56824187469134
55,13.50233914520711
56,13.555642158006002
57,17.663344795050335
58,10.829055609053883
59,19.16473321113499
60,15.53189430530467
61,15.487260305075566
62,29.39238541432252
63,16.499380274242093
64,11.688328096009146
65,25.66922852906414
66,9.747857079977189
67,15.534953377643214
68,19.523659220683466
69,14.177118201008053
70,16.026138871897537
71,20.815359552550245
72,17.628778017324002
73,9.719098757438433
74,9.582205836074154
75,9.67486699839489
76,16.20605949484017
77,40.57718157606235
78,13.13379325450405
79,16.108457969503156
80,17.226469620251983
81,19.42290209227314
82,15.629561168768204
83,10.349658230652759
84,7.823352202980338
85,20.872142315562655
86,15.555981464727003
87,9.907340845630616
88,13.272675836209283
89,16.550594299821604
90,10.136450144679337
91,16.574412449972414
92,13.105661493351906
93,12.950541497397305
94,16.709489409753218
95,17.008977063376214
96,20.25486724064751
97,19.28620288879754
98,31.47557012454053
99,17.99492366100877
100,15.508363900729933
101,16.67916444366787
102,11.612490831712174
103,11.271398617926659
104,18.325282612641214
105,18.18424590668552
106,15.451691289463723
107,13.603060055587678
108,18.244486984824274
109,14.936935589509563
110,20.559542572092102
111,12.155559705728232
112,20.022364693460027
113,13.670829850614973
114,15.122833525959777
115,18.449473197845705
116,18.06452790026176
117,14.457352774176844
118,21.542485507877796
119,19.833458009932293
120,18.748615677235396
121,13.595808755602274
122,32.340107213702964
123,11.539754180107659
124,17.59450121840578
125,15.560219195428163
126,16.131265229281382
127,21.60713167676323
128,17.68593139864805
129,13.558947702242081
130,20.48442198618261
131,14.265569376405487
132,10.604248175620395
133,10.848714493839518
134,13.469952522380014
135,11.22070760880756
136,16.545596382730846
137,11.110064057269513
138,14.889859524868783
139,12.696000962053239
140,11.001902121906939
141,20.32139036811604
142,22.885382163570146
143,14.474282884027101
144,9.370468137060294
145,21.562223949121062
146,14.080693743203843
147,10.034897323408586
148,13.748524329041992
149,14.847992334858139
150,17.071938408388405
151,16.744128078011755
152,13.86919697900967
153,19.375767547965594
154,14.885189983416304
155,14.305472566056771
156,13.040130073335122
157,13.051020365024913
158,24.270218372151717
159,16.82346432242182
160,10.865043969696297
161,15.167870480990036
162,8.803374466246833
163,16.97159917204202
164,16.42549041123685
165,47.36958395548042
166,28.876358728465647
167,16.861423781221795
168,19.97109197236163
169,20.13571041135285
170,14.326717743083982
171,14.82528853987167
172,11.950135741222974
173,12.786201766006068
174,24.630000989817255
175,16.236560782351425
176,12.556533607251362
177,15.389885045959055
178,26.535701781517005
179,12.243528085372269
180,18.71328730317652
181,8.664039880657157
182,14.191266947178997
183,23.670114818486752
184,17.922886331810084
185,10.545880392340942
186,24.328363560294584
187,16.77848249872286
188,14.336480307007905
189,17.552093902988602
190,19.189386107064685
191,17.798455913636207
192,13.440777916934284
193,10.18480507019646
194,7.5915562385472555
195,25.008093763738657
196,8.60436394686704
197,14.289846858444474
198,13.292088902725636
199,9.232415388253841
200,11.925839178107745
201,19.319725659061376
202,22.965681073795544
203,20.15827304487878
204,12.410464802136834
205,20.18917053690965
206,10.494446972746376
207,13.962904717723465
208,13.314631418751912
209,11.559023277276681
210,14.310617810734039
211,14.926340896430652
212,17.852854169482463
213,15.090900693186407
214,17.8060165491476
215,23.86302477016236
216,21.538282237191616
217,19.347185952291383
218,19.557193981102778
219,20.047542405997756
220,19.683519920671884
221,19.082074099521023
222,17.90539765573746
223,17.508742819103865
224,13.359839098930435
225,16.63478543339813
226,17.106548924832595
227,15.07320091410206
228,25.369559933405835
229,16.395501558303394
230,10.753552560767966
231,12.468565092024663
232,14.837179517720964
233,14.53980367599813
234,10.597597688328806
235,11.738865770263073
236,17.285072332861247
237,15.969519287320642
238,17.737254046255288
239,16.97267396820167
240,14.603060055587678
241,18.41770853826381
242,13.112635477007817
243,4.987655892503049
244,16.64925310044495
245,13.04312349555038
246,17.311098538802305
247,14.421595997396855
248,14.33731158852355
249,23.29461583915551
250,24.658422230397477
251,11.850708054426814
252,17.99575535163342
253,15.844405089570037
254,6.812995206614943
255,16.711547198948047
256,21.05670298008042
257,18.14580861091533
258,18.1003448987327
259,7.377864417890088
260,9.445595039701365
261,11.25765699832497
262,18.46784432677068
263,17.356527680577734
264,20.723346305184503
265,17.083191159279053
266,16.512354701005812
267,13.454985854463112
268,9.162390227254962
269,24.488454485106285
270,23.705787178663893
271,11.728442092519492
272,15.30772677234871
273,7.96968621144341
274,16.470994569604095
275,8.530668978864234
276,13.455903736898579
277,9.8863985192439
278,15.54408787431368
279,19.45342109845355
280,17.41041258725184
281,9.974961129989824
282,16.079843781500223
283,9.023480351981883
284,22.772974807107232
285,11.650682281392834
286,21.31506520960474
287,14.333855801683258
288,21.967551878146654
289,13.642263499542546
290,16.706461355679046
291,18.18276755533846
292,13.394195478601073
293,16.20677471254046
294,11.44628325546073
295,24.347239891228572
296,14.528121669303964
297,17.95204345495476
298,15.87493294819394
299,30.035831230719296
300,13.639297408865932
301,20.25053810967017
302,16.41827758074799
303,8.03889580495013
304,12.749544911486717
305,15.09917950975423
306,13.932800369450172
307,12.526669775011475
308,16.07676008462996
309,16.928644694120585
310,15.0491295122244
311,15.924707330084104
312,15.827572534150493
313,9.98289627501442
314,12.997089885865437
315,14.127809798192645
316,11.918068420890771
317,15.019260093662393
318,15.883316987029035
319,16.44771458245326
320,16.973052343404113
321,12.985970743056024
322,16.806456544018452
323,5.954160718926403
324,14.460602969625974
325,13.765744579685164
326,13.646306475935672
327,19.41625823865912
328,16.664754698278642
329,19.803278893065627
330,11.053831030873
331,13.214036552706398
332,17.147726971340795
333,17.367253415907932
334,20.85233825047063
335,7.170022323489391
336,15.009380581978135
337,21.000618143212396
338,16.840378751248487
339,22.49107571978165
340,22.630385649450577
341,13.716463992694313
342,10.801570985909608
343,8.629588856592868
344,18.325041613672887
345,17.995843982860542
346,18.0028074861604
347,16.678348962221385
348,31.838824016683652
349,11.446008767678636
350,14.431071505325033
351,13.628723783257449
352,5.5862217046640055
353,19.119687533639052
354,17.26299636491726
355,20.04989978656127
356,19.17977583118637
357,15.670724520049454
358,17.096367403786296
359,16.450552384200876
360,13.703475539914528
361,16.362563004239103
362,11.735245909241664
363,18.998414242657798
364,17.422513124898302
365,23.446452456112898
366,14.706304721120711
367,12.767567825247951
368,14.167196853865805
369,14.90694488604971
370,22.405938275455377
371,8.60708394339111
372,17.845870519299517
373,11.013232791634673
374,15.153923303196958
375,12.000707105561874
376,13.48629529689201
377,15.783053223509372
378,17.28559013855361
379,24.167312598895172
380,12.872012518050584
381,17.754386776318803
382,16.250862922970605
383,15.430863149913256
384,15.266605211071743
385,16.091971022513015
386,19.07159772592423
387,17.955282395009107
388,12.412424597054846
389,18.640679729938544
390,17.75932489522893
391,13.19179764005519
392,13.270784446500555
393,17.203162122495048
394,12.229919130878018
395,22.0947378782708
396,12.970169202198639
397,25.703036840125463
398,13.310549027847852
399,17.576524840881703
400,15.816099397746468
401,10.795211061371033
402,8.355899227047168
403,14.734950688840577
404,14.288234429853718
405,15.647105443235453
406,19.818301350658153
407,21.292121696311206
408,7.734406744741939
409,32.574190097829906
410,14.54142429392875
411,16.975861183359818
412,21.70164597084557
413,13.007272655884838
414,8.557484123554268
415,7.649192405583733
416,10.779323916426025
417,16.915540988379753
418,20.674537147729133
419,16.691861626981005
420,21.845112241883317
421,12.466756255684738
422,19.07159772592423
423,18.2674882014824
424,22.696386490787773
425,13.868788006147033
426,20.962776691381436
427,13.866911138496857
428,15.679108302195168
429,16.920800533213367
430,8.102901658917474
431,10.47288697959098
432,18.325627153607737
433,21.43676343745572
434,17.998650491134953
435,17.10118491045769
436,16.82346432242182
437,10.765365815371355
438,19.32562506870005
439,20.340844491590683
440,16.594617203752435
441,19.03543205889384
442,7.824582914816936
443,11.757007623208112
444,19.00502180909109
445,7.791738624037144
446,20.67840707079555
447,25.401947100921454
448,8.090207884538835
449,17.098404233234156
450,14.867350395614622
451,19.846789890956654
452,12.20720929228469
453,14.343202833025837
454,16.939157518341524
455,5.2390253441707415
456,21.81535955255024
457,13.35655986390834
458,17.47543541235718
459,14.95200678636954
460,6.625412866161746
461,24.035172735021163
462,12.081054770066777
463,37.22300729766272
464,10.299090211680413
465,15.493776544270377
466,20.600919970517694
467,15.3810692652364
468,22.372803337513936
469,17.484455674934352
470,19.03861656075086
471,17.410037612473044
472,14.087489782860484
473,11.143457057350952
474,11.914589808576032
475,25.90025752860921
476,12.052045645781199
477,15.567086763436116
478,11.892229544437507
479,24.9630145480685
480,20.985912563088128
481,11.252185763581595
482,8.0918516790369
483,14.636508659896407
484,12.269201917867735
485,13.89920400253667
486,16.38952395530309
487,13.732391690924269
488,18.25551602234716
489,14.303654197976376
490,9.232113333305831
491,15.871237990607
492,21.15570144830051
493,14.477726306852983
494,17.82593821402454
495,15.718293899571922
496,18.755733333406262
497,14.630748382090196
498,13.091774729118912
499,22.96818699188137
500,8.291060303281434
501,16.450552384200876
502,16.58354168940518
503,8.135064161520653
504,18.071597725924118
505,11.25062423811312
506,10.744668417728631
507,15.362129781085278
508,22.2949406479564
509,17.95462308533008
510,10.976413635698856
511,18.506431624841213
512,15.60605526270741
513,17.39734805098358
514,15.767070423560915
515,14.748119830623013
516,17.933249879593774
517,18.215466489054997
518,16.07869952147923
519,21.63904555320894
520,16.57331645481036
521,24.477396789691547
522,23.518053916330086
523,11.73218402419292
524,11.08990132950242
525,11.199130187065068
526,6.335563108321644
527,23.523521891326617
528,13.482680499263418
529,13.439276133768157
530,14.43461894880587
531,21.340455442077616
532,17.01399028359758
533,15.432540508754412
534,17.637892777792075
535,9.922525677417342
536,16.66423827440365
537,13.205317659837332
538,10.215597072145224
539,11.672138077138074
540,13.200917603272138
541,13.603060055587678
542,8.029882138370677
543,14.068544780790143
544,16.22872463385996
545,19.10635613369797
546,20.71392057003888
547,10.688629067948442
548,22.9304158200036
549,24.583905687679472
550,32.15595822585994
551,15.940791580926748
552,13.460106761396235
553,17.6021120791753
554,23.327733244059335
555,17.823464322421934
556,14.90756116516922
557,7.779925282861662
558,13.190454804512592
559,23.5612554070412
560,27.18300008809998
561,14.48546534371421
562,13.364887733138069
563,14.487891017107408
564,24.073974856891883
565,21.326779180390854
566,16.859763981699224
567,10.464797987618924
568,11.085198303735284
569,13.000627754447521
570,10.549818769876474
571,15.403553952154326
572,29.969902489878052
573,8.798562016003004
574,14.548348882166449
575,22.47871715672893
576,10.452940351348433
577,10.39573172516677
578,47.17720157521272
579,13.218034874565861
580,15.473004082505378
581,14.73276841845814
582,21.43294113696713
583,18.89381479929702
584,13.58031433654716
585,18.530192198799494
586,13.833493096601584
587,16.451691289463696
588,18.529156626464502
589,46.98937771812671
590,13.860077476695452
591,17.61825043394216
592,17.097782643453726
593,10.54077159264025
594,9.262543969975349
595,18.07880256161388
596,14.31823577796664
597,17.246639496948035
598,21.039145698263628
599,12.944417552248796
600,27.47840602655398
601,19.66072834057003
602,19.10525030942859
603,32.48165501714206
604,20.86341684098871
605,14.873134441895273
606,17.13585540282405
607,13.266434948592442
608,13.65449786486088
609,15.080660009435592
610,20.819578074674396
611,12.630194311400603
612,11.596020647272228
613,14.565562264436444
614,16.475517573499992
615,14.846199950373444
616,13.070165646349567
617,14.441963062170997
618,15.464580745776574
619,12.120341419298763
620,10.336046604120648
621,15.067984100020178
622,18.876114589137238
623,12.483507800864924
624,15.397912718126388
625,16.425415407630666
626,16.010841255413222
627,11.616252279439061
628,13.619946051619879
629,16.752094424263618
630,12.46462421488996
631,16.862614027518287
632,21.950261729170897
633,21.265037460934682
634,14.094524436272822
635,17.0025416714265
636,12.38621110390618
637,16.940359069901177
638,21.611246249679954
639,9.995804350851762
640,8.53608469641405
641,20.572983455572604
642,21.270129194279363
643,14.427107855401829
644,15.526536016525867
645,15.276069684955228
646,13.892614676075556
647,20.63703746479031
648,8.96968621144341
649,21.11658539937393
650,20.368210702917136
651,9.525760307854885
652,9.598436800019906
653,16.245939632728692
654,13.923035495818448
655,14.784542396427598
656,8.748162944476256
657,11.96148539999247
658,13.781382336507848
659,11.934833928015216
660,16.036239561219986
661,12.4054869009597
662,12.29988019057001
663,19.85526353968749
664,12.869741302138781
665,16.67952080002025
666,11.33688716803235
667,11.608421412104116
668,10.090396104944519
669,15.076174796612047
670,15.359342442998495
671,12.045663679398723
672,12.120807158789644
673,16.349392690912772
674,12.386277506040066
675,15.97947911023458
676,17.227389835651636
677,15.068827765675337
678,5.322397115689938
679,13.74937817948656
680,16.605401312676875
681,18.96741813476424
682,17.539590648696198
683,9.293732447322448
684,15.872023635370313
685,12.941803797293854
686,8.622337037206862
687,12.86187044357219
688,12.014512216420615
689,18.902554110947225
690,10.78189228111963
691,8.437602075066522
692,13.161966666035173
693,11.24437054146979
694,13.669878756854924
695,25.042862193734813
696,21.313958630701563
697,14.82528853987167
698,13.294100549270526
699,13.089859719152859
700,3.8887050393986584
701,21.618689309197325
702,17.07891785503795
703,15.706603625332079
704,21.173323683579355
705,9.646063759263948
706,24.07158348303617
707,19.028532314074475
708,8.374772784410972
709,12.447770230945416
710,13.052535889414957
711,16.844768543104436
712,17.917966571445653
713,12.18673999603366
714,16.06841483859051
715,13.457744166656646
716,10.13488457696277
717,7.539299160583404
718,14.842386396498387
719,16.75176981574112
720,16.429530605735927
721,19.606408372239756
722,12.061715682454489
723,24.492083354185837
724,20.266694220886876
725,11.476552383187473
726,16.018802591953985
727,22.340340364597466
728,6.123725483604282
729,21.865861737780328
730,6.792495073367434
731,19.350487994521124
732,16.063330909796314
733,25.68899060937337
734,14.192941936833032
735,22.84897234710539
736,8.96968621144341
737,19.18927201288711
738,12.92780259503492
739,17.139848431746305
740,14.135473729244202
741,8.300644087272296
742,7.931490625389905
743,10.663067868301782
744,17.894524947377388
745,12.938683158087157
746,11.941975651707336
747,17.239503037144466
748,13.84127731070035
749,14.489088886519317
750,19.141903861464392
751,17.34932885285015
752,14.962904717723635
753,18.603323292958514
754,12.46546162788509
755,17.154479613741984
756,23.31506520960474
757,31.997099151541903
758,14.68323349489884
759,5.484139005179614
760,15.911789773187602
761,11.630194094585475
762,22.693963488434285
763,15.130996894033158
764,18.6215456368191
765,17.618564275853828
766,11.346842412237779
767,16.72183238603492
768,10.025524420870964
769,19.525415282186472
770,16.041744017441367
771,16.362563004239103
772,17.816622495331874
773,11.802200436855982
774,27.358815226562534
775,12.640118218587965
776,12.384818637044352
777,19.35512252036718
778,10.466725987836506
779,16.888397638386593
780,17.458997883167555
781,19.325044889983737
782,12.64233611551115
783,10.785861625350337
784,15.014383879479604
785,19.156093544695302
786,19.217955204581884
787,19.76055983346106
788,16.079110403373434
789,13.75225270047198
790,22.846045484856276
791,22.056891701489498
792,39.49965907916587
793,11.692504910668776
794,16.797920256410723
795,22.50648508606521
796,13.497931315607467
797,12.560812090562253
798,20.94811264827505
799,12.737115810629186
800,8.689158097800615
801,14.762955296469448
802,19.49464726807407
803,16.672782032503072
804,8.16254199208683
805,20.602198063165527
806,16.380333862826664
807,9.777773581416627
808,13.86962107335911
809,9.452288910307415
810,21.375267061543703
811,15.727077734426393
812,13.126477984712016
813,14.826092944742316
814,21.06203236943078
815,22.27013221503045
816,19.82698338493551
817,12.962904717723465
818,21.367333844378905
819,11.988031003025997
820,22.713634506397703
821,19.70044533037979
822,19.980607962014005
823,16.53096238552709
824,9.137665112230794
825,19.057100442277083
826,17.031465557732282
827,10.466313667872933
828,23.253314260968384
829,15.449820146095147
830,17.912960692321455
831,18.138745463297305
832,12.180321578079587
833,14.586461772275415
834,12.576959627107
835,18.372928782144182
836,14.461381669636111
837,13.863769987862664
838,13.066186664478815
839,13.705563635525023
840,13.72656677226779
841,10.344247141919796
842,26.75818095991567
843,7.900182122181953
844,9.227186049764365
845,33.78496762417859
846,43.540331822172675
847,10.822735710979211
848,13.576567102889463
849,13.107942139626706
850,16.062574786604216
851,19.615270942266047
852,11.735308533078824
853,13.852071360519394
854,16.96603071524997
855,15.346568607844738
856,15.397268478979786
857,30.384242334948496
858,11.162122104737948
859,11.119689662411995
860,7.814038871389556
861,11.439468179868927
862,20.676559571361516
863,11.05220001381341
864,18.098394273728392
865,13.318067936376636
866,7.4754547946153025
867,20.155013700084215
868,12.856062685002454
869,9.530732245999063
870,9.848714493839575
871,10.348070415249575
872,28.690468711966844
873,13.353235715326134
874,16.517614819259286
875,8.98947578854498
876,28.258327290550167
877,16.759043815843896
878,14.77576530273119
879,10.941780777276877
880,23.17768522202465
881,14.937967862494597
882,22.99697995392512
883,21.86507091448331
884,15.562287456411681
885,12.880078987646424
886,11.450104726556045
887,17.450552384200876
888,15.978797352340566
889,12.972879166451314
890,13.075073423395251
891,17.125103994318067
892,20.671557554674067
893,15.055756985390316
894,13.2330768330189
895,12.849256039222691
896,17.757498262085967
897,18.142572478398307
898,12.556302158057308
899,16.030761368640228
900,17.10260330014862
901,16.473911562382167
902,15.356204573237163
903,12.219972380837286
904,14.007227389057126
905,18.53073308094031
906,14.893913946796774
907,15.32623609258873
908,24.75019676600072
909,11.12791533369567
910,17.362277417489892
911,6.450898631425645
912,31.48165501714203
913,47.98937771812671
914,19.56705410404742
915,14.58175492490418
916,15.273753070468027
917,20.95450385358258
918,20.486117819652993
919,23.248043682750335
920,16.38952395530309
921,19.26876827914964
922,17.744941174830018
923,14.018237888383812
924,44.540331822172675
925,13.066477598790923
926,9.82830080386382
927,12.932181966883553
928,17.532253807661668
929,19.21736702330972
930,13.674430951285702
931,18.306084789174925
932,10.583478787469206
933,23.292964690696056
934,13.481531477392847
935,13.870425990661666
936,15.718338854778093
937,19.467139423418864
938,11.730217128885963
939,15.225071959238079
940,16.687170210281547
941,25.27439479950537
942,13.84127731070035
943,18.212362830282053
944,11.20238850449107
945,19.79986672617787
946,13.748328572224933
947,10.355899227047098
948,15.854802137358696
949,19.594219703442597
950,15.556501408836155
951,17.880211604663174
952,35.899265652968104
953,10.57274993499051
954,26.264020100243044
955,18.164763429581434
956,20.65630106816237
957,14.451972844519892
958,18.34032424321171
959,13.386407763007488
960,15.404653139053103
961,15.125207903868317
962,9.089799702625642
963,18.588621619703936
964,14.156170624037676
965,18.562887194382604
966,11.322050733826858
967,7.3883146978735255
968,11.171007784235124
969,32.340107213702964
970,14.652583068623047
971,13.880078987646424
972,26.720425757807707
973,16.53906305424845
974,22.336716819693997
975,13.421647792674394
976,8.638944698797708
977,15.398694760088572
978,14.27456038469346
979,13.736407486575077
980,20.79123137376745
981,21.486724693402156
982,13.937523396115989
983,14.928080051569749
984,15.493208684572009
985,14.945840237505939
986,15.222698039537555
987,12.539754180107659
988,12.996508852244496
989,18.079604238836566
990,7.2372422120235385
991,12.679209292375633
992,11.781134393442597
993,8.488329017985897
994,14.916270610834395
995,13.970169202198525
996,15.700981213739295
997,14.935961720589656
998,19.890416946167356
999,16.799653568878476
1000,14.780671461209563
1001,21.781676596832234
1002,8.511947176057163
1003,11.658031157752278
1004,31.500327698112258
1005,11.562319709563555
1006,14.886710525854262
1007,11.99428001560724
1008,21.76633031066475
1009,13.946863273493259
1010,19.881736402460948
1011,18.95134470545384
1012,12.828454729787222
1013,17.11683161803289
1014,14.962622326594866
1015,13.905112383868975
1016,20.368210702917136
1017,12.344566248368901
1018,11.826855980669722
1019,26.01756696300136
1020,15.434608533901265
1021,14.739368168219814
1022,16.975861183359818
1023,10.837357238155136
1024,11.087184901342512
1025,15.733336242436538
1026,10.660818179548786
1027,9.427765838198406
1028,15.992857693120122
1029,23.365132997598852
1030,14.084363306199835
1031,20.950768055662934
1032,15.932210257456479
1033,15.919724663591248
1034,15.265816733187792
1035,21.176477312440273
1036,11.813471539090267
1037,14.717655989647339
1038,5.132815479389464
1039,18.496250189824856
1040,15.826785260495724
1041,32.388386717707306
1042,15.740148975041164
1043,10.613665831072176
1044,14.359032162158005
1045,10.51339112316579
1046,16.186661833824314
1047,12.008616360572887
1048,14.575185463909968
1049,21.865861737780328
1050,13.833491328740013
1051,13.84127731070035
1052,19.862038008554215
1053,12.359163197151243
1054,14.587980424432603
1055,24.285684642233893
1056,12.559580846567012
1057,8.67807635501985
1058,16.80094536930956
1059,17.139295348496226
1060,15.648056206581332
1061,18.28546306183241
1062,24.54164844743951
1063,16.299963431929207
1064,17.14677502124978
1065,17.64578729838395
1066,19.225223529114352
1067,17.757191350789917
1068,19.330709176575393
1069,13.564038994645204
1070,15.192616250570461
1071,19.532481533335513
1072,13.004182193827914
1073,19.924454487004844
1074,11.492950928767039
1075,19.852624024202413
1076,14.31241678459424
1077,19.542902161513922
1078,16.19622895641789
1079,10.989663534471214
1080,20.23923108299228
1081,12.962904717723465
1082,11.584134297354703
1083,14.547105905104555
1084,15.601793046747389
1085,17.61096459218357
1086,7.4262760140668505
1087,18.55839155917444
1088,10.84037553036047
1089,12.18488514800631
1090,20.796621403072876
1091,19.974387834780316
1092,22.26930855735706
1093,13.229677484419122
1094,16.66356315866981
1095,14.666478852135635
1096,8.683083422476912
1097,13.0006882111107
1098,24.80783586473673
1099,14.263033500443383
1100,15.733137995183895
1101,9.130542644637073
1102,19.153913492556562
1103,5.268422808033144
1104,8.571592116359582
1105,16.743919624454882
1106,15.542924511174315
1107,7.107260366937375
1108,18.627083207627766
1109,10.759148114012325
1110,23.55621763952207
1111,17.93136756204638
1112,23.13589445912655
1113,17.704056223351984
1114,23.626874145559935
1115,13.183802490222543
1116,17.562281550574156
1117,12.700385013567109
1118,12.69694802293718
1119,15.84127731070035
1120,8.7352643016822
1121,19.241547781405725
1122,14.675458494020342
1123,14.405129181482259
1124,12.984171832847133
1125,17.958131646887935
1126,15.420221796463846
1127,31.48165501714203
1128,8.874036679272116
1129,20.315696388858797
1130,18.287884212593653
1131,17.908792661534193
1132,22.329335382270592
1133,14.483242465303672
1134,12.89991239156066
1135,15.447476111013343
1136,13.534953377643015
1137,17.503218574656294
1138,18.808112999283395
1139,10.596020647272129
1140,18.575364158890174
1141,21.783915260407014
1142,16.52530772693109
1143,14.489118469913224
1144,15.341161098687467
1145,16.655958649049303
1146,24.686937519237027
1147,40.83082211875729
1148,20.956963072169174
1149,16.058452767295513
1150,16.458950154665978
1151,16.83000017830833
1152,21.16760747801348
1153,19.637207780589772
1154,23.70753564554634
1155,15.913101026797861
1156,22.2917884567945
1157,12.096729366442561
1158,13.638118541548302
1159,9.512651072852323
1160,21.316324064207436
1161,15.225522417668195
1162,17.928644694120585
1163,9.573507397627726
1164,9.35028214967288
1165,13.106327461525375
1166,9.206988258805959
1167,18.58560469193094
1168,9.60975026402212
1169,11.29208316527456
1170,10.2971141838726
1171,14.738396718446163
1172,11.403996000659049
1173,8.661074333924528
1174,15.264264663663646
1175,11.852834220180222
1176,11.740420070995507
1177,17.482896233660817
1178,23.95283851713245
1179,11.293515884241282
1180,18.22070341426051
1181,15.13184990002722
1182,11.829055609053883
1183,15.254921208873583
1184,16.871711948545574
1185,18.364544908025564
1186,13.393917144722236
1187,16.66292814971029
1188,14.75434435331529
1189,13.721755732532026
1190,16.34652990198952
1191,14.867870475134414
1192,18.285300032522464
1193,23.42390429364273
1194,17.303518321741166
1195,7.681539355123725
1196,17.047796400915104
1197,39.30215768202182
1198,15.731707929518619
1199,19.94953667526836
1200,16.95494431133598
1201,7.281514237626091
1202,14.8940862765436
1203,13.730887197611668
1204,19.1649067416957
1205,18.400010175794925
1206,12.565259018340889
1207,11.013232791634673
1208,15.129350085026392
1209,15.882116658398825
1210,21.530942519637033
1211,12.745935723173055
1212,16.495261754359362
1213,17.4368076238043
1214,8.410474880873977
1215,13.330210474883552
1216,11.880078987646424
1217,16.86826418800542
1218,17.29925226210812
1219,13.056793411323087
1220,17.134735826969127
1221,16.858969000971967
1222,17.376614571178894
1223,16.61874594948757
1224,11.286024550437974
1225,14.138559004599102
1226,17.340793426072022
1227,18.03659278993112
1228,14.792617794324315
1229,32.493209314430885
1230,9.178583339923877
1231,15.713248301060291
1232,8.97672532880452
1233,5.376215416840111
1234,19.587695558384965
1235,14.792127993056253
1236,18.823464322421934
1237,13.980453769018478
1238,23.33158696007297
1239,37.29903820934746
1240,17.06890151853144
1241,16.902701970940434
1242,13.24466785575193
1243,8.655960859298375
1244,36.5686901161657
1245,17.201296920890968
1246,15.704658259495465
1247,17.05961920411614
1248,23.071583483035973
1249,11.916039364426087
1250,23.75019676600072
1251,17.874438828292533
1252,18.084047937153937
1253,16.854292280815052
1254,27.057171812565425
1255,31.227581992294816
1256,18.453423343812478
1257,15.112116896274673
1258,22.66419612983601
1259,8.517921322703607
1260,22.04354049822247
1261,20.16662930521729
1262,16.483204899299885
1263,12.613640209731916
1264,27.252783167823154
1265,18.303884619957227
1266,22.061259494199696
1267,17.823400100945953
1268,15.610607013035034
1269,16.7820151250774
1270,17.98609472123854
1271,12.804709374354438
1272,15.29097686945232
1273,10.924118203394125
1274,16.030198828488174
1275,15.100929435391302
1276,14.481665519467699
1277,16.797164173732718
1278,10.715826614931872
1279,14.622315923231977
1280,43.53051014625283
1281,16.730091865945305
1282,12.100823356444712
1283,14.692508033105522
1284,12.548913890708592
1285,21.616085423252056
1286,31.500327698112258
1287,14.977302299323348
1288,22.81535955255024
1289,9.200419140709323
1290,10.881412010839428
1291,8.175903226964174
1292,12.647998625008986
1293,8.96968621144341
1294,13.494129369758609
1295,11.082162677910967
1296,16.656204884307122
1297,10.626062808374046
1298,17.78248705746444
1299,15.321318132904498
1300,14.097595242787358
1301,9.795263701289906
1302,11.90652698278959
1303,14.886340978666619
1304,38.83129470894106
1305,11.353295406316372
1306,15.703354544785233
1307,15.504526770807074
1308,13.602408501440083
1309,19.74759604855242
1310,9.68173582319102
1311,24.594246001832463
1312,18.95134470545384
1313,19.480590478325862
1314,16.720532334138305
1315,17.609357881381918
1316,19.958111803526865
1317,8.80470698222073
1318,17.865849324041747
1319,17.506377467032642
1320,20.285779985698927
1321,16.776218270112096
1322,16.612534386922107
1323,18.04731299312196
1324,22.584101334560067
1325,10.053831030873
1326,14.315554628729089
1327,18.45737006192975
1328,8.242300679627977
1329,15.865806146766198
1330,11.671825411486473
1331,12.899172062712198
1332,13.927830742874214
1333,27.057171812565425
1334,15.518130414427091
1335,8.216244817369166
1336,18.068403607893032
1337,18.470845466046853
1338,24.64826687883663
1339,20.427198627377095
1340,13.802779650720144
1341,8.331074310975808
1342,15.082553817167552
1343,10.791132778834568
1344,17.558515322380984
1345,19.753117694008466
1346,18.841701874940924
1347,12.562012590358632
1348,11.10326709903025
1349,8.664039880657157
1350,20.466359266759866
1351,17.101375221019843
1352,14.280655943847925
1353,10.076820923096976
1354,12.014572102710366
1355,23.029204043330264
1356,46.40497276621714
1357,13.371514348153797
1358,17.060488862754852
1359,11.921702571438383
1360,14.262946136250783
1361,21.911892271572192
1362,14.94051948790605
1363,14.443499202430518
1364,11.170827707001848
1365,17.141440803610006
1366,7.406206083330389
1367,14.701270990123609
1368,18.370120245095592
1369,17.71401969099096
1370,16.23651171178949
1371,10.290363517222966
1372,10.071353789100081
1373,12.5844349831298
1374,19.674044238803297
1375,21.361157676306917
1376,17.68615312547967
1377,11.804351421338497
1378,12.899737267258704
1379,16.196959430869608
1380,11.690297997886114
1381,17.88088678912861
1382,16.841232485440685
1383,13.716665660097105
1384,32.80296591006728
1385,23.86801777423714
1386,43.54033182217262
1387,10.944417552248632
1388,18.211100569155796
1389,15.01875724750542
1390,15.799958292718527
1391,15.309645559645434
1392,17.00466967750029
1393,16.008668862913503
1394,16.19304402427521
1395,16.49225370126975
1396,20.865861737780264
1397,15.544183353933947
1398,24.687243223208355
1399,17.516642035821526
1400,14.646598742879961
1401,10.491772566270365
1402,10.899471075942758
1403,21.478717156728923
1404,12.603060055587678
1405,9.411153009130407
1406,20.334657819080334
1407,11.609385515613072
1408,16.59621126014178
1409,17.588568581473517
1410,7.865292728635474
1411,21.66133525490568
1412,16.99984524981071
1413,19.295245819978724
1414,20.299343807640977
1415,11.109490264145128
1416,8.687203777607486
1417,9.8814120108395
1418,10.781560866338001
1419,15.663024812770304
1420,17.95865315396916
1421,12.132371927311452
1422,16.707663907791662
1423,14.053771262821629
1424,13.680396533262664
1425,11.618342202018669
1426,13.06402649001107
1427,28.556249809260322
1428,15.710392209428049
1429,12.52192454254544
1430,15.519171780608021
1431,19.810381613475535
1432,16.782578160749352
1433,15.119266145178987
1434,24.27439479950527
1435,19.171260847578708
1436,46.954347682620764
1437,15.120059493633994
1438,12.702046858913691
1439,19.302430759740847
1440,18.818881874375073
1441,19.578437777254
1442,10.996248290088877
1443,18.90167572647278
1444,16.880172100356265
1445,17.784396630994998
1446,14.165309567516763
1447,16.61194017667428
1448,16.352372722074
1449,17.59175770604825
1450,18.130046486369118
1451,42.5974455349161
1452,13.767908326092504
1453,11.562233391365758
1454,11.67611062666022
1455,16.691206936386145
1456,10.516544753159694
1457,18.258440362282414
1458,18.389862452369375
1459,15.295365075432315
1460,18.20753734013445
1461,19.17438577772058
1462,18.043620802530043
1463,14.386118313381594
1464,17.077555251798294
1465,12.75803702694119
1466,18.446463842404462
1467,21.46109959533323
1468,25.1308788555353
1469,15.863147659482344
1470,16.850376094476367
1471,10.967923235906346
1472,11.07682092309692
1473,10.802269195879608
1474,17.133182382612752
1475,15.759977963991291
1476,19.989280194953515
1477,8.683052587346985
1478,12.475518185509324
1479,8.534977901238364
1480,17.04661651706015
1481,14.365350669605123
1482,30.838824016683738
1483,15.758472481365088
1484,19.09258674262332
1485,11.286043717035335
1486,15.269138682749373
1487,9.875493139968336
1488,13.189022680632121
1489,23.705131064111157
1490,33.34010721370297
1491,37.04089352584718
1492,21.48246565668706
1493,13.29505013717256
1494,11.180675788420428
1495,18.46917779211927
1496,10.305789016096133
1497,13.482826997371022
1498,14.268200801464824
1499,20.396368200440836
1500,18.957290460292654
1501,17.21164102764636
1502,18.05545099375123
1503,22.19944727985985
1504,11.119967740729406
1505,11.28848167848137
1506,31.00564663406901
1507,12.274218358118237
1508,8.076647222909308
1509,12.251119982407854
1510,13.70462154887568
1511,14.615145700172317
1512,24.061490962157965
1513,15.25034236906919
1514,15.41124164254245
1515,6.68428315575418